no,no,occurrenceID,institutionID,institutionCode,basisOfRecord,occurrenceStatus,eventDate,year,month,day,locationID,continent,island,country,countryCode,verbatimLocality,decimalLatitude,decimalLongitude,geodeticDatum,scientificName,originalNameUsage,kingdom,phylum,class,order,family,genus,specificEpithet, infraspecificEpithet,taxonRank,locationRemarks,taxonomicRemarks
68,068,urn:0681ex55xmbd,https://ror.org/0342y5q78,GINR,HumanObservation,presence,1909-08-22,1909,8,22,TDWG:GNL-OO,North_America,Qeqertarsuatsiaq,Greenland,GL,Qeqertarsuatsiaq (Hare island),70.45920108,-54.98272699,wgs84,Cardamine pratensis var. angustifolia Hook.,Cardamine pratensis L. var. angustifolia Hook.,Plantae,Tracheophyta,Magnoliopsida,Brassicales,Brassicaceae,Cardamine,pratensis,angustifolia,VARIETY,"A number of locations was visited by Posild during August 22 and 23, but as the report for most taxa does not account for the exact date or location of observation all of the observation have the same coordinate and date. ",
9,009,urn:009jwgt3b7c6,https://ror.org/0342y5q78,GINR,HumanObservation,presence,1883-08-10,1883,8,10,TDWG:GNL-OO,North_America,Qeqertarsuatsiaq,Greenland,GL,Qeqertarsuatsiaq (Hare island),70.45920108,-54.98272699,wgs84,Deschampsia cespitosa subsp. cespitosa,Aira caespitosa L. var. brevifolia (M. B.) Hartm.,Plantae,Tracheophyta,Liliopsida,Poales,Poaceae,Deschampsia,caespitosa,caespitosa,SUBSPECIES,Observed by Nathorst ,Accepted name in accourdance with https://powo.science.kew.org/taxon/urn:lsid:ipni.org:names:77168749-1#synonyms
78,078,urn:078d1fxzrj3d,https://ror.org/0342y5q78,GINR,HumanObservation,presence,1909-08-22,1909,8,22,TDWG:GNL-OO,North_America,Qeqertarsuatsiaq,Greenland,GL,Qeqertarsuatsiaq (Hare island),70.45920108,-54.98272699,wgs84,Saxifraga stellaris var. comosa Poir.,Saxifraga stellaris L. var. comosa Poir.,Plantae,Tracheophyta,Magnoliopsida,Saxifragales,Saxifragaceae,Micranthes,stellaris,comosa,VARIETY,"A number of locations was visited by Posild during August 22 and 23, but as the report for most taxa does not account for the exact date or location of observation all of the observation have the same coordinate and date. ",
38,038,urn:038skm5zlltb,https://ror.org/0342y5q78,GINR,HumanObservation,presence,1909-08-22,1909,8,22,TDWG:GNL-OO,North_America,Qeqertarsuatsiaq,Greenland,GL,Qeqertarsuatsiaq (Hare island),70.45920108,-54.98272699,wgs84,Luzula arcuata (Wahlenb.) Sw.,Luzula arcuata (Wahlenb.) Sw. var. confusa Lindeb.,Plantae,Tracheophyta,Liliopsida,Poales,Juncaceae,Luzula,arcuata,,SPECIES,"A number of locations was visited by Posild during August 22 and 23, but as the report for most taxa does not account for the exact date or location of observation all of the observation have the same coordinate and date. ",
41,041,urn:041tqgtquj6r,https://ror.org/0342y5q78,GINR,HumanObservation,presence,1909-08-22,1909,8,22,TDWG:GNL-OO,North_America,Qeqertarsuatsiaq,Greenland,GL,Qeqertarsuatsiaq (Hare island),70.45920108,-54.98272699,wgs84,Salix arctica var. groenlandica Andersson,Salix arctica R. Br. var. groenlandica (Anderss.) Lundstr.,Plantae,Tracheophyta,Magnoliopsida,Malpighiales,Salicaceae,Salix,arctica,groenlandica,VARIETY,"A number of locations was visited by Posild during August 22 and 23, but as the report for most taxa does not account for the exact date or location of observation all of the observation have the same coordinate and date. ",
51,051,urn:051ujh7oryrv,https://ror.org/0342y5q78,GINR,HumanObservation,presence,1909-08-22,1909,8,22,TDWG:GNL-OO,North_America,Qeqertarsuatsiaq,Greenland,GL,Qeqertarsuatsiaq (Hare island),70.45920108,-54.98272699,wgs84,Arenaria ciliata var. humifusa (Wahlenb.) Hartm.,Arenaria ciliata L. var. humifusa (Wahlenb.) Hartm.,Plantae,Tracheophyta,Magnoliopsida,Caryophyllales,Caryophyllaceae,Arenaria,ciliata,humifusa,VARIETY,"A number of locations was visited by Posild during August 22 and 23, but as the report for most taxa does not account for the exact date or location of observation all of the observation have the same coordinate and date. ",
88,088,urn:088heu3wksf0,https://ror.org/0342y5q78,GINR,HumanObservation,presence,1909-08-22,1909,8,22,TDWG:GNL-OO,North_America,Qeqertarsuatsiaq,Greenland,GL,Qeqertarsuatsiaq (Hare island),70.45920108,-54.98272699,wgs84,Potentilla nivea L.,Potentilla nivea L. sens latiss.,Plantae,Tracheophyta,Magnoliopsida,Rosales,Rosaceae,Potentilla,nivea,latiss.,SPECIES,"A number of locations was visited by Posild during August 22 and 23, but as the report for most taxa does not account for the exact date or location of observation all of the observation have the same coordinate and date. ",
96,096,urn:0961gmuy9um3,https://ror.org/0342y5q78,GINR,HumanObservation,presence,1909-08-22,1909,8,22,TDWG:GNL-OO,North_America,Qeqertarsuatsiaq,Greenland,GL,Qeqertarsuatsiaq (Hare island),70.45920108,-54.98272699,wgs84,Myrtillus uliginosa var. microphylla (Lange) Simmons,Myrtillus uliginosa (L.) Drej. var. microphylla Lange.,Plantae,Tracheophyta,Magnoliopsida,Ericales,Ericaceae,Vaccinium,uliginosa,microphylla,VARIETY,"A number of locations was visited by Posild during August 22 and 23, but as the report for most taxa does not account for the exact date or location of observation all of the observation have the same coordinate and date. ",
5,005,urn:005pb5jjymwc,https://ror.org/0342y5q78,GINR,HumanObservation,presence,1909-08-22,1909,8,22,TDWG:GNL-OO,North_America,Qeqertarsuatsiaq,Greenland,GL,Qeqertarsuatsiaq (Hare island),70.45920108,-54.98272699,wgs84,Calamagrostis arundinacea var. purpurascens (R.Br.) Porsild,Calamagrostis arundinacea (L.) Roth. var. purpurascens (R. Br.),Plantae,Tracheophyta,Liliopsida,Poales,Poaceae,Calamagrostis,arundinacea,purpurascens,VARIETY,"A number of locations was visited by Posild during August 22 and 23, but as the report for most taxa does not account for the exact date or location of observation all of the observation have the same coordinate and date. ",
14,014,urn:014osimvwuw7,https://ror.org/0342y5q78,GINR,HumanObservation,presence,1909-08-22,1909,8,22,TDWG:GNL-OO,North_America,Qeqertarsuatsiaq,Greenland,GL,Qeqertarsuatsiaq (Hare island),70.45920108,-54.98272699,wgs84,"Glyceria maritima Mert. & W.D.J.Koch, 1823","Glyceria maritima (Huds.) Wahlenb, var. reptans (Hartm.) Simm.",Plantae,Tracheophyta,Liliopsida,Poales,Poaceae,Glyceria,maritima,,SPECIES,"A number of locations was visited by Posild during August 22 and 23, but as the report for most taxa does not account for the exact date or location of observation all of the observation have the same coordinate and date. ",
97,097,urn:097dat0ch3kd,https://ror.org/0342y5q78,GINR,HumanObservation,presence,1909-08-22,1909,8,22,TDWG:GNL-OO,North_America,Qeqertarsuatsiaq,Greenland,GL,Qeqertarsuatsiaq (Hare island),70.45920108,-54.98272699,wgs84,Armeria maritima subsp. sibirica (Turcz. ex Boiss.) Nyman,Statice Ameria L. var. sibirica (Turcz.) Rosenv.,Plantae,Tracheophyta,Magnoliopsida,Caryophyllales,Plumbaginaceae,Armeria,maritima,sibirica,SUBSPECIES,"A number of locations was visited by Posild during August 22 and 23, but as the report for most taxa does not account for the exact date or location of observation all of the observation have the same coordinate and date. ","Accepted names in accourdance with Lawrence, G. H. M. (1947). The Genus Armeria in North America. American Midland Naturalist, 37(3), 757. doi: 10.2307/2421472 and GBIF"
29,029,urn:029trummxf2y,https://ror.org/0342y5q78,GINR,HumanObservation,presence,1909-08-22,1909,8,22,TDWG:GNL-OO,North_America,Qeqertarsuatsiaq,Greenland,GL,Qeqertarsuatsiaq (Hare island),70.45920108,-54.98272699,wgs84,Carex aquatilis var. stans (Drejer) Boott,Carex aquatilis (Wahlenb.) var. stans (Drej.) Boott.,Plantae,Tracheophyta,Liliopsida,Poales,Cyperaceae,Carex,aquatilis,stans,VARIETY,"A number of locations was visited by Posild during August 22 and 23, but as the report for most taxa does not account for the exact date or location of observation all of the observation have the same coordinate and date. ",
4,004,urn:004muczmd3xx,https://ror.org/0342y5q78,GINR,HumanObservation,presence,1909-08-22,1909,8,22,TDWG:GNL-OO,North_America,Qeqertarsuatsiaq,Greenland,GL,Qeqertarsuatsiaq (Hare island),70.45920108,-54.98272699,wgs84,Alopecurus alpinus Sm.,Alopecurus alpinus SM.,Plantae,Tracheophyta,Liliopsida,Poales,Poaceae,Alopecurus,alpinus,,SPECIES,"A number of locations was visited by Posild during August 22 and 23, but as the report for most taxa does not account for the exact date or location of observation all of the observation have the same coordinate and date. ",
49,049,urn:04920hntwfyf,https://ror.org/0342y5q78,GINR,HumanObservation,presence,1909-08-22,1909,8,22,TDWG:GNL-OO,North_America,Qeqertarsuatsiaq,Greenland,GL,Qeqertarsuatsiaq (Hare island),70.45920108,-54.98272699,wgs84,Alsine biflora (L.) Wahlenb.,Alsine biflora (L.) Wahlenb.,Plantae,Tracheophyta,Magnoliopsida,Caryophyllales,Caryophyllaceae,Cherleria,biflora,,SPECIES,"A number of locations was visited by Posild during August 22 and 23, but as the report for most taxa does not account for the exact date or location of observation all of the observation have the same coordinate and date. ",
50,050,urn:050mopqt37t5,https://ror.org/0342y5q78,GINR,HumanObservation,presence,1909-08-22,1909,8,22,TDWG:GNL-OO,North_America,Qeqertarsuatsiaq,Greenland,GL,Qeqertarsuatsiaq (Hare island),70.45920108,-54.98272699,wgs84,Alsine verna (L.) Wahlenb.,Alsine verna (L.) Wahlenb.,Plantae,Tracheophyta,Magnoliopsida,Caryophyllales,Caryophyllaceae,Sabulina,verna,,SPECIES,"A number of locations was visited by Posild during August 22 and 23, but as the report for most taxa does not account for the exact date or location of observation all of the observation have the same coordinate and date. ",
52,052,urn:052dsknshhzj,https://ror.org/0342y5q78,GINR,HumanObservation,presence,1909-08-22,1909,8,22,TDWG:GNL-OO,North_America,Qeqertarsuatsiaq,Greenland,GL,Qeqertarsuatsiaq (Hare island),70.45920108,-54.98272699,wgs84,Ammodenia peploides (L.) Rupr.,Ammodenia peploides (L.) Rupr.,Plantae,Tracheophyta,Magnoliopsida,Caryophyllales,Caryophyllaceae,Honckenya,peploides,,SPECIES,"A number of locations was visited by Posild during August 22 and 23, but as the report for most taxa does not account for the exact date or location of observation all of the observation have the same coordinate and date. ",
109,109,urn:109m2ral76km,https://ror.org/0342y5q78,GINR,HumanObservation,presence,1909-08-22,1909,8,22,TDWG:GNL-OO,North_America,Qeqertarsuatsiaq,Greenland,GL,Qeqertarsuatsiaq (Hare island),70.45920108,-54.98272699,wgs84,Antennaria alpina (L.) Gaertn.,Antennaria alpina R. Br.,Plantae,Tracheophyta,Magnoliopsida,Asterales,Asteraceae,Antennaria,alpina,,SPECIES,"A number of locations was visited by Posild during August 22 and 23, but as the report for most taxa does not account for the exact date or location of observation all of the observation have the same coordinate and date. ",
110,110,urn:110p5ni94v9z,https://ror.org/0342y5q78,GINR,HumanObservation,presence,1909-08-22,1909,8,22,TDWG:GNL-OO,North_America,Qeqertarsuatsiaq,Greenland,GL,Qeqertarsuatsiaq (Hare island),70.45920108,-54.98272699,wgs84,Antennaria glabrata (J.Vahl) Porsild,Antennaria glabrata (J. Vahl) Porsild Ms.,Plantae,Tracheophyta,Magnoliopsida,Asterales,Asteraceae,Antennaria,glabrata,,SPECIES,"A number of locations was visited by Posild during August 22 and 23, but as the report for most taxa does not account for the exact date or location of observation all of the observation have the same coordinate and date. ",
67,067,urn:067cokga17mf,https://ror.org/0342y5q78,GINR,HumanObservation,presence,1909-08-22,1909,8,22,TDWG:GNL-OO,North_America,Qeqertarsuatsiaq,Greenland,GL,Qeqertarsuatsiaq (Hare island),70.45920108,-54.98272699,wgs84,Arabis alpina L.,Arabis alpina L.,Plantae,Tracheophyta,Magnoliopsida,Brassicales,Brassicaceae,Arabis,alpina,,SPECIES,"A number of locations was visited by Posild during August 22 and 23, but as the report for most taxa does not account for the exact date or location of observation all of the observation have the same coordinate and date. ",
7,007,urn:007shqwlbbos,https://ror.org/0342y5q78,GINR,HumanObservation,presence,1909-08-22,1909,8,22,TDWG:GNL-OO,North_America,Qeqertarsuatsiaq,Greenland,GL,Qeqertarsuatsiaq (Hare island),70.45920108,-54.98272699,wgs84,Arctagrostis latifolia (R.Br.) Griseb.,Arctagrostis latifolia (R. Br.) GRISEB.,Plantae,Tracheophyta,Liliopsida,Poales,Poaceae,Arctagrostis,latifolia,,SPECIES,"A number of locations was visited by Posild during August 22 and 23, but as the report for most taxa does not account for the exact date or location of observation all of the observation have the same coordinate and date. ",
111,111,urn:111itpeizbsd,https://ror.org/0342y5q78,GINR,HumanObservation,presence,1909-08-22,1909,8,22,TDWG:GNL-OO,North_America,Qeqertarsuatsiaq,Greenland,GL,Qeqertarsuatsiaq (Hare island),70.45920108,-54.98272699,wgs84,Arnica alpina (L.),Arnica alpina (L.) Laest.,Plantae,Tracheophyta,Magnoliopsida,Asterales,Asteraceae,Arnica,alpina,,SPECIES,"A number of locations was visited by Posild during August 22 and 23, but as the report for most taxa does not account for the exact date or location of observation all of the observation have the same coordinate and date. ",
6,006,urn:006f6lm7zv4e,https://ror.org/0342y5q78,GINR,HumanObservation,presence,1909-08-22,1909,8,22,TDWG:GNL-OO,North_America,Qeqertarsuatsiaq,Greenland,GL,Qeqertarsuatsiaq (Hare island),70.45920108,-54.98272699,wgs84,"Calamagrostis neglecta G.Gaertn., B.Mey. & Scherb.",Calamagrostis neglecta (Ehrh.) Fl. D. Wett.,Plantae,Tracheophyta,Liliopsida,Poales,Poaceae,Achnatherum,neglecta,,SPECIES,"A number of locations was visited by Posild during August 22 and 23, but as the report for most taxa does not account for the exact date or location of observation all of the observation have the same coordinate and date. ",
105,105,urn:105jhqutkwhm,https://ror.org/0342y5q78,GINR,HumanObservation,presence,1909-08-22,1909,8,22,TDWG:GNL-OO,North_America,Qeqertarsuatsiaq,Greenland,GL,Qeqertarsuatsiaq (Hare island),70.45920108,-54.98272699,wgs84,Campanula rotundifolia L.,Campanula rotundifolia L.,Plantae,Tracheophyta,Magnoliopsida,Asterales,Campanulaceae,Campanula,rotundifolia,,SPECIES,"A number of locations was visited by Posild during August 22 and 23, but as the report for most taxa does not account for the exact date or location of observation all of the observation have the same coordinate and date. ",
104,104,urn:1049axrxn5fs,https://ror.org/0342y5q78,GINR,HumanObservation,presence,1909-08-22,1909,8,22,TDWG:GNL-OO,North_America,Qeqertarsuatsiaq,Greenland,GL,Qeqertarsuatsiaq (Hare island),70.45920108,-54.98272699,wgs84,Campanula uniflora L.,Campanula uniflora L.,Plantae,Tracheophyta,Magnoliopsida,Asterales,Campanulaceae,Melanocalyx,uniflora,,SPECIES,"A number of locations was visited by Posild during August 22 and 23, but as the report for most taxa does not account for the exact date or location of observation all of the observation have the same coordinate and date. ",
69,069,urn:069yap0avmgl,https://ror.org/0342y5q78,GINR,HumanObservation,presence,1909-08-22,1909,8,22,TDWG:GNL-OO,North_America,Qeqertarsuatsiaq,Greenland,GL,Qeqertarsuatsiaq (Hare island),70.45920108,-54.98272699,wgs84,Cardamine bellidifolia L.,Cardamine bellidifolia L.,Plantae,Tracheophyta,Magnoliopsida,Brassicales,Brassicaceae,Cardamine,bellidifolia,,SPECIES,"A number of locations was visited by Posild during August 22 and 23, but as the report for most taxa does not account for the exact date or location of observation all of the observation have the same coordinate and date. ",
26,026,urn:0260tvmfkn11,https://ror.org/0342y5q78,GINR,HumanObservation,presence,1909-08-22,1909,8,22,TDWG:GNL-OO,North_America,Qeqertarsuatsiaq,Greenland,GL,Qeqertarsuatsiaq (Hare island),70.45920108,-54.98272699,wgs84,Carex glareosa Schkuhr ex Wahlenb.,Carex glareosa Wahlenb.,Plantae,Tracheophyta,Liliopsida,Poales,Cyperaceae,Carex,glareosa,,SPECIES,"A number of locations was visited by Posild during August 22 and 23, but as the report for most taxa does not account for the exact date or location of observation all of the observation have the same coordinate and date. ",
24,024,urn:024evuv8eeii,https://ror.org/0342y5q78,GINR,HumanObservation,presence,1909-08-22,1909,8,22,TDWG:GNL-OO,North_America,Qeqertarsuatsiaq,Greenland,GL,Qeqertarsuatsiaq (Hare island),70.45920108,-54.98272699,wgs84,Carex incurva Lightf.,Carex incurva Lightf.,Plantae,Tracheophyta,Liliopsida,Poales,Cyperaceae,Carex,incurva,,SPECIES,"A number of locations was visited by Posild during August 22 and 23, but as the report for most taxa does not account for the exact date or location of observation all of the observation have the same coordinate and date. ",
25,025,urn:025zw10i4usd,https://ror.org/0342y5q78,GINR,HumanObservation,presence,1909-08-22,1909,8,22,TDWG:GNL-OO,North_America,Qeqertarsuatsiaq,Greenland,GL,Qeqertarsuatsiaq (Hare island),70.45920108,-54.98272699,wgs84,Carex lagopina Wahlenb.,Carex lagopina Wahlenb.,Plantae,Tracheophyta,Liliopsida,Poales,Cyperaceae,Carex,lagopina,,SPECIES,"A number of locations was visited by Posild during August 22 and 23, but as the report for most taxa does not account for the exact date or location of observation all of the observation have the same coordinate and date. ",
33,033,urn:033sshv2tvep,https://ror.org/0342y5q78,GINR,HumanObservation,presence,1909-08-22,1909,8,22,TDWG:GNL-OO,North_America,Qeqertarsuatsiaq,Greenland,GL,Qeqertarsuatsiaq (Hare island),70.45920108,-54.98272699,wgs84,Carex misandra R.Br.,Carex misandra R. Br.,Plantae,Tracheophyta,Liliopsida,Poales,Cyperaceae,Carex,misandra,,SPECIES,"A number of locations was visited by Posild during August 22 and 23, but as the report for most taxa does not account for the exact date or location of observation all of the observation have the same coordinate and date. ",
23,023,urn:02318hh08v8r,https://ror.org/0342y5q78,GINR,HumanObservation,presence,1909-08-22,1909,8,22,TDWG:GNL-OO,North_America,Qeqertarsuatsiaq,Greenland,GL,Qeqertarsuatsiaq (Hare island),70.45920108,-54.98272699,wgs84,Carex nardina (Hornem.) Fr.,Carex nardina Fr.,Plantae,Tracheophyta,Liliopsida,Poales,Cyperaceae,Carex,nardina,,SPECIES,"A number of locations was visited by Posild during August 22 and 23, but as the report for most taxa does not account for the exact date or location of observation all of the observation have the same coordinate and date. ",
28,028,urn:028gb3xna0or,https://ror.org/0342y5q78,GINR,HumanObservation,presence,1909-08-22,1909,8,22,TDWG:GNL-OO,North_America,Qeqertarsuatsiaq,Greenland,GL,Qeqertarsuatsiaq (Hare island),70.45920108,-54.98272699,wgs84,Carex rariflora (Wahlenb.) Sm.,Carex rariflora (Wahlenb.) Sm.,Plantae,Tracheophyta,Liliopsida,Poales,Cyperaceae,Carex,rariflora,,SPECIES,"A number of locations was visited by Posild during August 22 and 23, but as the report for most taxa does not account for the exact date or location of observation all of the observation have the same coordinate and date. ",
31,031,urn:031e1omopcl2,https://ror.org/0342y5q78,GINR,HumanObservation,presence,1909-08-22,1909,8,22,TDWG:GNL-OO,North_America,Qeqertarsuatsiaq,Greenland,GL,Qeqertarsuatsiaq (Hare island),70.45920108,-54.98272699,wgs84,Carex rigida Gooden.,Carex rigida Good.,Plantae,Tracheophyta,Liliopsida,Poales,Cyperaceae,Carex,rigida,,SPECIES,"A number of locations was visited by Posild during August 22 and 23, but as the report for most taxa does not account for the exact date or location of observation all of the observation have the same coordinate and date. ",
32,032,urn:032yamgs3ecw,https://ror.org/0342y5q78,GINR,HumanObservation,presence,1909-08-22,1909,8,22,TDWG:GNL-OO,North_America,Qeqertarsuatsiaq,Greenland,GL,Qeqertarsuatsiaq (Hare island),70.45920108,-54.98272699,wgs84,Carex rupestris All.,Carex rupestris All.,Plantae,Tracheophyta,Liliopsida,Poales,Cyperaceae,Carex,rupestris,,SPECIES,"A number of locations was visited by Posild during August 22 and 23, but as the report for most taxa does not account for the exact date or location of observation all of the observation have the same coordinate and date. ",
30,030,urn:030k3bl5ja8b,https://ror.org/0342y5q78,GINR,HumanObservation,presence,1909-08-22,1909,8,22,TDWG:GNL-OO,North_America,Qeqertarsuatsiaq,Greenland,GL,Qeqertarsuatsiaq (Hare island),70.45920108,-54.98272699,wgs84,Carex salina Wahlenb.,"Carex salina Wahlenb., var.",Plantae,Tracheophyta,Liliopsida,Poales,Cyperaceae,Carex,salina,,SPECIES,"A number of locations was visited by Posild during August 22 and 23, but as the report for most taxa does not account for the exact date or location of observation all of the observation have the same coordinate and date. ",
27,027,urn:027u5qp4frqa,https://ror.org/0342y5q78,GINR,HumanObservation,presence,1909-08-22,1909,8,22,TDWG:GNL-OO,North_America,Qeqertarsuatsiaq,Greenland,GL,Qeqertarsuatsiaq (Hare island),70.45920108,-54.98272699,wgs84,Carex ursina Dewey,Carex ursina Dew.,Plantae,Tracheophyta,Liliopsida,Poales,Cyperaceae,Carex,ursina,,SPECIES,"A number of locations was visited by Posild during August 22 and 23, but as the report for most taxa does not account for the exact date or location of observation all of the observation have the same coordinate and date. ",
94,094,urn:094icx05gdpr,https://ror.org/0342y5q78,GINR,HumanObservation,presence,1909-08-22,1909,8,22,TDWG:GNL-OO,North_America,Qeqertarsuatsiaq,Greenland,GL,Qeqertarsuatsiaq (Hare island),70.45920108,-54.98272699,wgs84,Cassiope tetragona (L.) D.Don,Cassiope tetragona (L.) Don.,Plantae,Tracheophyta,Magnoliopsida,Ericales,Ericaceae,Cassiope,tetragona,,SPECIES,"A number of locations was visited by Posild during August 22 and 23, but as the report for most taxa does not account for the exact date or location of observation all of the observation have the same coordinate and date. ",
56,056,urn:056i6ibpmkuk,https://ror.org/0342y5q78,GINR,HumanObservation,presence,1909-08-22,1909,8,22,TDWG:GNL-OO,North_America,Qeqertarsuatsiaq,Greenland,GL,Qeqertarsuatsiaq (Hare island),70.45920108,-54.98272699,wgs84,Cerastium alpinum L.,Cerastium alpinum L.,Plantae,Tracheophyta,Magnoliopsida,Caryophyllales,Caryophyllaceae,Cerastium,alpinum,,SPECIES,"A number of locations was visited by Posild during August 22 and 23, but as the report for most taxa does not account for the exact date or location of observation all of the observation have the same coordinate and date. ",
55,055,urn:055npgm5rczg,https://ror.org/0342y5q78,GINR,HumanObservation,presence,1909-08-22,1909,8,22,TDWG:GNL-OO,North_America,Qeqertarsuatsiaq,Greenland,GL,Qeqertarsuatsiaq (Hare island),70.45920108,-54.98272699,wgs84,Cerastium trigynum Vill.,Cerastium trigynum Vill.,Plantae,Tracheophyta,Magnoliopsida,Caryophyllales,Caryophyllaceae,Dichodon,trigynum,,SPECIES,"A number of locations was visited by Posild during August 22 and 23, but as the report for most taxa does not account for the exact date or location of observation all of the observation have the same coordinate and date. ",
76,076,urn:076ir2rk9nwe,https://ror.org/0342y5q78,GINR,HumanObservation,presence,1909-08-22,1909,8,22,TDWG:GNL-OO,North_America,Qeqertarsuatsiaq,Greenland,GL,Qeqertarsuatsiaq (Hare island),70.45920108,-54.98272699,wgs84,Cochlearia officinalis L.,Cochlearia officinalis L. var.,Plantae,Tracheophyta,Magnoliopsida,Brassicales,Brassicaceae,Cochlearia,officinalis,,SPECIES,"A number of locations was visited by Posild during August 22 and 23, but as the report for most taxa does not account for the exact date or location of observation all of the observation have the same coordinate and date. ",
74,074,urn:074cydufp7ui,https://ror.org/0342y5q78,GINR,HumanObservation,presence,1909-08-22,1909,8,22,TDWG:GNL-OO,North_America,Qeqertarsuatsiaq,Greenland,GL,Qeqertarsuatsiaq (Hare island),70.45920108,-54.98272699,wgs84,Draba alpina L.,Draba alpina L.,Plantae,Tracheophyta,Magnoliopsida,Brassicales,Brassicaceae,Draba,alpina,,SPECIES,"A number of locations was visited by Posild during August 22 and 23, but as the report for most taxa does not account for the exact date or location of observation all of the observation have the same coordinate and date. ",
71,071,urn:071msogmqcde,https://ror.org/0342y5q78,GINR,HumanObservation,presence,1909-08-22,1909,8,22,TDWG:GNL-OO,North_America,Qeqertarsuatsiaq,Greenland,GL,Qeqertarsuatsiaq (Hare island),70.45920108,-54.98272699,wgs84,Draba arctica J.Vahl,Draba arctica J. Vahl.,Plantae,Tracheophyta,Magnoliopsida,Brassicales,Brassicaceae,Draba,arctica,,SPECIES,"A number of locations was visited by Posild during August 22 and 23, but as the report for most taxa does not account for the exact date or location of observation all of the observation have the same coordinate and date. ",
75,075,urn:0754plibgdeh,https://ror.org/0342y5q78,GINR,HumanObservation,presence,1909-08-22,1909,8,22,TDWG:GNL-OO,North_America,Qeqertarsuatsiaq,Greenland,GL,Qeqertarsuatsiaq (Hare island),70.45920108,-54.98272699,wgs84,Draba crassifolia Graham,Draba crassifolia Grah.,Plantae,Tracheophyta,Magnoliopsida,Brassicales,Brassicaceae,Draba,crassifolia,,SPECIES,"A number of locations was visited by Posild during August 22 and 23, but as the report for most taxa does not account for the exact date or location of observation all of the observation have the same coordinate and date. ",
72,072,urn:0724cvqutsms,https://ror.org/0342y5q78,GINR,HumanObservation,presence,1909-08-22,1909,8,22,TDWG:GNL-OO,North_America,Qeqertarsuatsiaq,Greenland,GL,Qeqertarsuatsiaq (Hare island),70.45920108,-54.98272699,wgs84,Draba fladnizensis Wulfen,Draba Fladnizensis Wulf.,Plantae,Tracheophyta,Magnoliopsida,Brassicales,Brassicaceae,Draba,fladnizensis,,SPECIES,"A number of locations was visited by Posild during August 22 and 23, but as the report for most taxa does not account for the exact date or location of observation all of the observation have the same coordinate and date. ",
70,070,urn:0706slnt7avs,https://ror.org/0342y5q78,GINR,HumanObservation,presence,1909-08-22,1909,8,22,TDWG:GNL-OO,North_America,Qeqertarsuatsiaq,Greenland,GL,Qeqertarsuatsiaq (Hare island),70.45920108,-54.98272699,wgs84,Draba hirta L.,Draba hirta L.,Plantae,Tracheophyta,Magnoliopsida,Brassicales,Brassicaceae,Draba,hirta,,SPECIES,"A number of locations was visited by Posild during August 22 and 23, but as the report for most taxa does not account for the exact date or location of observation all of the observation have the same coordinate and date. ",
73,073,urn:073hwqkwvm6i,https://ror.org/0342y5q78,GINR,HumanObservation,presence,1909-08-22,1909,8,22,TDWG:GNL-OO,North_America,Qeqertarsuatsiaq,Greenland,GL,Qeqertarsuatsiaq (Hare island),70.45920108,-54.98272699,wgs84,Draba nivalis Lilj.,Draba nivalis Liljebl.,Plantae,Tracheophyta,Magnoliopsida,Brassicales,Brassicaceae,Draba,nivalis,,SPECIES,"A number of locations was visited by Posild during August 22 and 23, but as the report for most taxa does not account for the exact date or location of observation all of the observation have the same coordinate and date. ",
84,084,urn:084jagvfowye,https://ror.org/0342y5q78,GINR,HumanObservation,presence,1909-08-22,1909,8,22,TDWG:GNL-OO,North_America,Qeqertarsuatsiaq,Greenland,GL,Qeqertarsuatsiaq (Hare island),70.45920108,-54.98272699,wgs84,Dryas integrifolia Vahl,Dryas integrifolia M. Vahl.,Plantae,Tracheophyta,Magnoliopsida,Rosales,Rosaceae,Dryas,integrifolia,,SPECIES,"A number of locations was visited by Posild during August 22 and 23, but as the report for most taxa does not account for the exact date or location of observation all of the observation have the same coordinate and date. ",
91,091,urn:091zpmorp54b,https://ror.org/0342y5q78,GINR,HumanObservation,presence,1909-08-22,1909,8,22,TDWG:GNL-OO,North_America,Qeqertarsuatsiaq,Greenland,GL,Qeqertarsuatsiaq (Hare island),70.45920108,-54.98272699,wgs84,Empetrum nigrum L.,Empetrum nigrum L.,Plantae,Tracheophyta,Magnoliopsida,Ericales,Ericaceae,Empetrum,nigrum,,SPECIES,"A number of locations was visited by Posild during August 22 and 23, but as the report for most taxa does not account for the exact date or location of observation all of the observation have the same coordinate and date. ",
92,092,urn:092cuycmxmpw,https://ror.org/0342y5q78,GINR,HumanObservation,presence,1909-08-22,1909,8,22,TDWG:GNL-OO,North_America,Qeqertarsuatsiaq,Greenland,GL,Qeqertarsuatsiaq (Hare island),70.45920108,-54.98272699,wgs84,Epilobium latifolium L.,Epilobium latifolium L.,Plantae,Tracheophyta,Magnoliopsida,Myrtales,Onagraceae,Chamaenerion,latifolium,,SPECIES,"A number of locations was visited by Posild during August 22 and 23, but as the report for most taxa does not account for the exact date or location of observation all of the observation have the same coordinate and date. ",
1,001,urn:001k6m0smugq,https://ror.org/0342y5q78,GINR,HumanObservation,presence,1909-08-22,1909,8,22,TDWG:GNL-OO,North_America,Qeqertarsuatsiaq,Greenland,GL,Qeqertarsuatsiaq (Hare island),70.45920108,-54.98272699,wgs84,Equisetum arvense L.,Equisetum arvense L.,Plantae,Tracheophyta,Polypodiopsida,Equisetales,Equisetaceae,Equisetum,arvense,,SPECIES,"A number of locations was visited by Posild during August 22 and 23, but as the report for most taxa does not account for the exact date or location of observation all of the observation have the same coordinate and date. ",
2,002,urn:002uktmqqqou,https://ror.org/0342y5q78,GINR,HumanObservation,presence,1909-08-22,1909,8,22,TDWG:GNL-OO,North_America,Qeqertarsuatsiaq,Greenland,GL,Qeqertarsuatsiaq (Hare island),70.45920108,-54.98272699,wgs84,Equisetum variegatum Schleich. ex F.Weber & D.Mohr,Equisetum variegatum ScheIch.,Plantae,Tracheophyta,Polypodiopsida,Equisetales,Equisetaceae,Equisetum,variegatum,,SPECIES,"A number of locations was visited by Posild during August 22 and 23, but as the report for most taxa does not account for the exact date or location of observation all of the observation have the same coordinate and date. ",
108,108,urn:108fnmwhxq9i,https://ror.org/0342y5q78,GINR,HumanObservation,presence,1909-08-22,1909,8,22,TDWG:GNL-OO,North_America,Qeqertarsuatsiaq,Greenland,GL,Qeqertarsuatsiaq (Hare island),70.45920108,-54.98272699,wgs84,Erigeron compositus Pursh,Erigeron compositus Pursh.,Plantae,Tracheophyta,Magnoliopsida,Asterales,Asteraceae,Erigeron,compositus,,SPECIES,"A number of locations was visited by Posild during August 22 and 23, but as the report for most taxa does not account for the exact date or location of observation all of the observation have the same coordinate and date. ",
107,107,urn:107faw6zgu7j,https://ror.org/0342y5q78,GINR,HumanObservation,presence,1909-08-22,1909,8,22,TDWG:GNL-OO,North_America,Qeqertarsuatsiaq,Greenland,GL,Qeqertarsuatsiaq (Hare island),70.45920108,-54.98272699,wgs84,Erigeron eriocephalus J.Vahl,Erigeron eriocaepalus J. Vahl.,Plantae,Tracheophyta,Magnoliopsida,Asterales,Asteraceae,Erigeron,eriocaepalus,,SPECIES,"A number of locations was visited by Posild during August 22 and 23, but as the report for most taxa does not account for the exact date or location of observation all of the observation have the same coordinate and date. ",
106,106,urn:106kds0ctxe4,https://ror.org/0342y5q78,GINR,HumanObservation,presence,1909-08-22,1909,8,22,TDWG:GNL-OO,North_America,Qeqertarsuatsiaq,Greenland,GL,Qeqertarsuatsiaq (Hare island),70.45920108,-54.98272699,wgs84,Erigeron uniflorus L.,Erigeron uniflorus L.,Plantae,Tracheophyta,Magnoliopsida,Asterales,Asteraceae,Erigeron,uniflorus,,SPECIES,"A number of locations was visited by Posild during August 22 and 23, but as the report for most taxa does not account for the exact date or location of observation all of the observation have the same coordinate and date. ",
22,022,urn:022x1hkyhsc0,https://ror.org/0342y5q78,GINR,HumanObservation,presence,1909-08-22,1909,8,22,TDWG:GNL-OO,North_America,Qeqertarsuatsiaq,Greenland,GL,Qeqertarsuatsiaq (Hare island),70.45920108,-54.98272699,wgs84,Eriophorum polystachion L.,Eriophorum polystachyum L.,Plantae,Tracheophyta,Liliopsida,Poales,Cyperaceae,Eriophorum,polystachyum,,SPECIES,"A number of locations was visited by Posild during August 22 and 23, but as the report for most taxa does not account for the exact date or location of observation all of the observation have the same coordinate and date. ",
21,021,urn:021bkwai6pjn,https://ror.org/0342y5q78,GINR,HumanObservation,presence,1909-08-22,1909,8,22,TDWG:GNL-OO,North_America,Qeqertarsuatsiaq,Greenland,GL,Qeqertarsuatsiaq (Hare island),70.45920108,-54.98272699,wgs84,Eriophorum scheuchzeri Hoppe,Eriophorum Scheuchzeri Hoppe,Plantae,Tracheophyta,Liliopsida,Poales,Cyperaceae,Eriophorum,scheuchzeri,,SPECIES,"A number of locations was visited by Posild during August 22 and 23, but as the report for most taxa does not account for the exact date or location of observation all of the observation have the same coordinate and date. ",
19,019,urn:0194jncsmsig,https://ror.org/0342y5q78,GINR,HumanObservation,presence,1909-08-22,1909,8,22,TDWG:GNL-OO,North_America,Qeqertarsuatsiaq,Greenland,GL,Qeqertarsuatsiaq (Hare island),70.45920108,-54.98272699,wgs84,Festuca ovina L.,Festuca ovina L.,Plantae,Tracheophyta,Liliopsida,Poales,Poaceae,Festuca,ovina,,SPECIES,"A number of locations was visited by Posild during August 22 and 23, but as the report for most taxa does not account for the exact date or location of observation all of the observation have the same coordinate and date. ",
20,020,urn:020a6ajyfjtm,https://ror.org/0342y5q78,GINR,HumanObservation,presence,1909-08-22,1909,8,22,TDWG:GNL-OO,North_America,Qeqertarsuatsiaq,Greenland,GL,Qeqertarsuatsiaq (Hare island),70.45920108,-54.98272699,wgs84,Festuca rubra L.,Festuca rubra L.,Plantae,Tracheophyta,Liliopsida,Poales,Poaceae,Festuca,rubra,,SPECIES,"A number of locations was visited by Posild during August 22 and 23, but as the report for most taxa does not account for the exact date or location of observation all of the observation have the same coordinate and date. ",
17,017,urn:017nanhxwwey,https://ror.org/0342y5q78,GINR,HumanObservation,presence,1909-08-22,1909,8,22,TDWG:GNL-OO,North_America,Qeqertarsuatsiaq,Greenland,GL,Qeqertarsuatsiaq (Hare island),70.45920108,-54.98272699,wgs84,Glyceria angustata (R.Br.) Th.Fr.,Glyceria angustata (R. Br.) TH. FR.,Plantae,Tracheophyta,Liliopsida,Poales,Poaceae,Puccinellia,angustata,,SPECIES,"A number of locations was visited by Posild during August 22 and 23, but as the report for most taxa does not account for the exact date or location of observation all of the observation have the same coordinate and date. ",
16,016,urn:016setz4w3sn,https://ror.org/0342y5q78,GINR,HumanObservation,presence,1909-08-22,1909,8,22,TDWG:GNL-OO,North_America,Qeqertarsuatsiaq,Greenland,GL,Qeqertarsuatsiaq (Hare island),70.45920108,-54.98272699,wgs84,Glyceria distans (Jacq.) Wahlenb.,Glyceria distans (L.) WAHLENB.,Plantae,Tracheophyta,Liliopsida,Poales,Poaceae,Puccinellia,distans,,SPECIES,"A number of locations was visited by Posild during August 22 and 23, but as the report for most taxa does not account for the exact date or location of observation all of the observation have the same coordinate and date. ",
15,015,urn:0150ft0bx0db,https://ror.org/0342y5q78,GINR,HumanObservation,presence,1909-08-22,1909,8,22,TDWG:GNL-OO,North_America,Qeqertarsuatsiaq,Greenland,GL,Qeqertarsuatsiaq (Hare island),70.45920108,-54.98272699,wgs84,Glyceria vahliana (Liebm.) Th.Fr.,"Glyceria Vahliana (Liebm.) Th. Fr. (G. Kjellmani LANGE, NATHORST l.c.).",Plantae,Tracheophyta,Liliopsida,Poales,Poaceae,Puccinellia,vahliana,,SPECIES,"A number of locations was visited by Posild during August 22 and 23, but as the report for most taxa does not account for the exact date or location of observation all of the observation have the same coordinate and date. ",
3,003,urn:003crtbvmlku,https://ror.org/0342y5q78,GINR,HumanObservation,presence,1909-08-22,1909,8,22,TDWG:GNL-OO,North_America,Qeqertarsuatsiaq,Greenland,GL,Qeqertarsuatsiaq (Hare island),70.45920108,-54.98272699,wgs84,Hierochloe alpina (Sw. ex Willd.) Roem. & Schult.,HierochloÃ« alpina (LILJEBL.) ROEM. & SCHULT.,Plantae,Tracheophyta,Liliopsida,Poales,Poaceae,Anthoxanthum,alpina,,SPECIES,"A number of locations was visited by Posild during August 22 and 23, but as the report for most taxa does not account for the exact date or location of observation all of the observation have the same coordinate and date. ",
34,034,urn:034swkmkllov,https://ror.org/0342y5q78,GINR,HumanObservation,presence,1909-08-22,1909,8,22,TDWG:GNL-OO,North_America,Qeqertarsuatsiaq,Greenland,GL,Qeqertarsuatsiaq (Hare island),70.45920108,-54.98272699,wgs84,Juncus arcticus Willd.,Juncus arcticus Willd.,Plantae,Tracheophyta,Liliopsida,Poales,Juncaceae,Juncus,arcticus,,SPECIES,"A number of locations was visited by Posild during August 22 and 23, but as the report for most taxa does not account for the exact date or location of observation all of the observation have the same coordinate and date. ",
37,037,urn:0375ddosd1gv,https://ror.org/0342y5q78,GINR,HumanObservation,presence,1909-08-22,1909,8,22,TDWG:GNL-OO,North_America,Qeqertarsuatsiaq,Greenland,GL,Qeqertarsuatsiaq (Hare island),70.45920108,-54.98272699,wgs84,Juncus biglumis L.,Juncus biglumis L.,Plantae,Tracheophyta,Liliopsida,Poales,Juncaceae,Juncus,biglumis,,SPECIES,"A number of locations was visited by Posild during August 22 and 23, but as the report for most taxa does not account for the exact date or location of observation all of the observation have the same coordinate and date. ",
35,035,urn:035porzgqjy0,https://ror.org/0342y5q78,GINR,HumanObservation,presence,1909-08-22,1909,8,22,TDWG:GNL-OO,North_America,Qeqertarsuatsiaq,Greenland,GL,Qeqertarsuatsiaq (Hare island),70.45920108,-54.98272699,wgs84,Juncus castaneus Sm.,Juncus castaneus Sm.,Plantae,Tracheophyta,Liliopsida,Poales,Juncaceae,Juncus,castaneus,,SPECIES,"A number of locations was visited by Posild during August 22 and 23, but as the report for most taxa does not account for the exact date or location of observation all of the observation have the same coordinate and date. ",
36,036,urn:036p9wwejhx9,https://ror.org/0342y5q78,GINR,HumanObservation,presence,1909-08-22,1909,8,22,TDWG:GNL-OO,North_America,Qeqertarsuatsiaq,Greenland,GL,Qeqertarsuatsiaq (Hare island),70.45920108,-54.98272699,wgs84,Juncus triglumis L.,Juncus triglumis L.,Plantae,Tracheophyta,Liliopsida,Poales,Juncaceae,Juncus,triglumis,,SPECIES,"A number of locations was visited by Posild during August 22 and 23, but as the report for most taxa does not account for the exact date or location of observation all of the observation have the same coordinate and date. ",
44,044,urn:044vrljms6ga,https://ror.org/0342y5q78,GINR,HumanObservation,presence,1909-08-22,1909,8,22,TDWG:GNL-OO,North_America,Qeqertarsuatsiaq,Greenland,GL,Qeqertarsuatsiaq (Hare island),70.45920108,-54.98272699,wgs84,Koenigia islandica L.,Koenigia islandica L.,Plantae,Tracheophyta,Magnoliopsida,Caryophyllales,Polygonaceae,Koenigia,islandica,,SPECIES,"A number of locations was visited by Posild during August 22 and 23, but as the report for most taxa does not account for the exact date or location of observation all of the observation have the same coordinate and date. ",
39,039,urn:039qe70m4e6b,https://ror.org/0342y5q78,GINR,HumanObservation,presence,1909-08-22,1909,8,22,TDWG:GNL-OO,North_America,Qeqertarsuatsiaq,Greenland,GL,Qeqertarsuatsiaq (Hare island),70.45920108,-54.98272699,wgs84,Luzula nivalis (Laest.) Beurling,Luzula nivalis (Laest.) Beurl.,Plantae,Tracheophyta,Liliopsida,Poales,Juncaceae,Luzula,nivalis,,SPECIES,"A number of locations was visited by Posild during August 22 and 23, but as the report for most taxa does not account for the exact date or location of observation all of the observation have the same coordinate and date. ",
59,059,urn:059kkodeccya,https://ror.org/0342y5q78,GINR,HumanObservation,presence,1909-08-22,1909,8,22,TDWG:GNL-OO,North_America,Qeqertarsuatsiaq,Greenland,GL,Qeqertarsuatsiaq (Hare island),70.45920108,-54.98272699,wgs84,Melandrium affine (J.Vahl ex Fr.) J.Vahl,Melandrium affine J. Vahl,Plantae,Tracheophyta,Magnoliopsida,Caryophyllales,Caryophyllaceae,Silene,affine,,SPECIES,"A number of locations was visited by Posild during August 22 and 23, but as the report for most taxa does not account for the exact date or location of observation all of the observation have the same coordinate and date. ",
60,060,urn:060fudhql62q,https://ror.org/0342y5q78,GINR,HumanObservation,presence,1909-08-22,1909,8,22,TDWG:GNL-OO,North_America,Qeqertarsuatsiaq,Greenland,GL,Qeqertarsuatsiaq (Hare island),70.45920108,-54.98272699,wgs84,Melandrium apetalum (L.) Fenzl,Melandrium apetatum (L.) Fenzl.,Plantae,Tracheophyta,Magnoliopsida,Caryophyllales,Caryophyllaceae,Silene,apetatum,,SPECIES,"A number of locations was visited by Posild during August 22 and 23, but as the report for most taxa does not account for the exact date or location of observation all of the observation have the same coordinate and date. ",
58,058,urn:058sqrpmcqri,https://ror.org/0342y5q78,GINR,HumanObservation,presence,1909-08-22,1909,8,22,TDWG:GNL-OO,North_America,Qeqertarsuatsiaq,Greenland,GL,Qeqertarsuatsiaq (Hare island),70.45920108,-54.98272699,wgs84,Melandrium triflorum (R.Br.) J.Vahl ex Liebm.,Melandrium triflorum (R. Br.) J. Vahl,Plantae,Tracheophyta,Magnoliopsida,Caryophyllales,Caryophyllaceae,Silene,triflorum,,SPECIES,"A number of locations was visited by Posild during August 22 and 23, but as the report for most taxa does not account for the exact date or location of observation all of the observation have the same coordinate and date. ",
98,098,urn:098p0inzms2q,https://ror.org/0342y5q78,GINR,HumanObservation,presence,1909-08-22,1909,8,22,TDWG:GNL-OO,North_America,Qeqertarsuatsiaq,Greenland,GL,Qeqertarsuatsiaq (Hare island),70.45920108,-54.98272699,wgs84,Mertensia maritima (L.) Gray,Mertensia maritima (L.) Gray.,Plantae,Tracheophyta,Magnoliopsida,Boraginales,Boraginaceae,Mertensia,maritima,,SPECIES,"A number of locations was visited by Posild during August 22 and 23, but as the report for most taxa does not account for the exact date or location of observation all of the observation have the same coordinate and date. ",
46,046,urn:046y91kukwt1,https://ror.org/0342y5q78,GINR,HumanObservation,presence,1909-08-22,1909,8,22,TDWG:GNL-OO,North_America,Qeqertarsuatsiaq,Greenland,GL,Qeqertarsuatsiaq (Hare island),70.45920108,-54.98272699,wgs84,Oxyria digyna (L.) Hill,Oxyria digyna (L.) Campd.,Plantae,Tracheophyta,Magnoliopsida,Caryophyllales,Polygonaceae,Oxyria,digyna,,SPECIES,"A number of locations was visited by Posild during August 22 and 23, but as the report for most taxa does not account for the exact date or location of observation all of the observation have the same coordinate and date. ",
101,101,urn:1017zr5phcck,https://ror.org/0342y5q78,GINR,HumanObservation,presence,1909-08-22,1909,8,22,TDWG:GNL-OO,North_America,Qeqertarsuatsiaq,Greenland,GL,Qeqertarsuatsiaq (Hare island),70.45920108,-54.98272699,wgs84,Pedicularis flammea L.,Pedicularis flammea L.,Plantae,Tracheophyta,Magnoliopsida,Lamiales,Orobanchaceae,Pedicularis,flammea,,SPECIES,"A number of locations was visited by Posild during August 22 and 23, but as the report for most taxa does not account for the exact date or location of observation all of the observation have the same coordinate and date. ",
100,100,urn:100wtoiaqna2,https://ror.org/0342y5q78,GINR,HumanObservation,presence,1909-08-22,1909,8,22,TDWG:GNL-OO,North_America,Qeqertarsuatsiaq,Greenland,GL,Qeqertarsuatsiaq (Hare island),70.45920108,-54.98272699,wgs84,Pedicularis hirsuta L.,Pedicularis hirsuta L.,Plantae,Tracheophyta,Magnoliopsida,Lamiales,Orobanchaceae,Pedicularis,hirsuta,,SPECIES,"A number of locations was visited by Posild during August 22 and 23, but as the report for most taxa does not account for the exact date or location of observation all of the observation have the same coordinate and date. ",
99,099,urn:099sorph7mbt,https://ror.org/0342y5q78,GINR,HumanObservation,presence,1909-08-22,1909,8,22,TDWG:GNL-OO,North_America,Qeqertarsuatsiaq,Greenland,GL,Qeqertarsuatsiaq (Hare island),70.45920108,-54.98272699,wgs84,Pedicularis lanata Willd. ex Cham. & Schltdl.,Pedicularis lanata (Willd.) Cham.,Plantae,Tracheophyta,Magnoliopsida,Lamiales,Orobanchaceae,Pedicularis,lanata,,SPECIES,"A number of locations was visited by Posild during August 22 and 23, but as the report for most taxa does not account for the exact date or location of observation all of the observation have the same coordinate and date. ",
102,102,urn:102sn0lfkjed,https://ror.org/0342y5q78,GINR,HumanObservation,presence,1909-08-22,1909,8,22,TDWG:GNL-OO,North_America,Qeqertarsuatsiaq,Greenland,GL,Qeqertarsuatsiaq (Hare island),70.45920108,-54.98272699,wgs84,Pedicularis lapponica L.,Pedicularis lapponica L.,Plantae,Tracheophyta,Magnoliopsida,Lamiales,Orobanchaceae,Pedicularis,lapponica,,SPECIES,"A number of locations was visited by Posild during August 22 and 23, but as the report for most taxa does not account for the exact date or location of observation all of the observation have the same coordinate and date. ",
18,018,urn:018zq7ybwpyi,https://ror.org/0342y5q78,GINR,HumanObservation,presence,1909-08-22,1909,8,22,TDWG:GNL-OO,North_America,Qeqertarsuatsiaq,Greenland,GL,Qeqertarsuatsiaq (Hare island),70.45920108,-54.98272699,wgs84,Phippsia algida (Sol.) R.Br.,Phippsia algida (SoL.) R. Br.,Plantae,Tracheophyta,Liliopsida,Poales,Poaceae,Phippsia,algida,,SPECIES,"A number of locations was visited by Posild during August 22 and 23, but as the report for most taxa does not account for the exact date or location of observation all of the observation have the same coordinate and date. ",
12,012,urn:012vagbpmcgv,https://ror.org/0342y5q78,GINR,HumanObservation,presence,1909-08-22,1909,8,22,TDWG:GNL-OO,North_America,Qeqertarsuatsiaq,Greenland,GL,Qeqertarsuatsiaq (Hare island),70.45920108,-54.98272699,wgs84,Poa alpina L.,Poa alpina L.,Plantae,Tracheophyta,Liliopsida,Poales,Poaceae,Poa,alpina,,SPECIES,"A number of locations was visited by Posild during August 22 and 23, but as the report for most taxa does not account for the exact date or location of observation all of the observation have the same coordinate and date. ",
11,011,urn:011vq8jpdcrb,https://ror.org/0342y5q78,GINR,HumanObservation,presence,1909-08-22,1909,8,22,TDWG:GNL-OO,North_America,Qeqertarsuatsiaq,Greenland,GL,Qeqertarsuatsiaq (Hare island),70.45920108,-54.98272699,wgs84,Poa cenisia All.,Poa cenisia ALL.,Plantae,Tracheophyta,Liliopsida,Poales,Poaceae,Poa,cenisia,,SPECIES,"A number of locations was visited by Posild during August 22 and 23, but as the report for most taxa does not account for the exact date or location of observation all of the observation have the same coordinate and date. ",
13,013,urn:013hztk8giew,https://ror.org/0342y5q78,GINR,HumanObservation,presence,1909-08-22,1909,8,22,TDWG:GNL-OO,North_America,Qeqertarsuatsiaq,Greenland,GL,Qeqertarsuatsiaq (Hare island),70.45920108,-54.98272699,wgs84,Poa glauca Vahl,Poa glauca M. VAHL.,Plantae,Tracheophyta,Liliopsida,Poales,Poaceae,Poa,glauca,,SPECIES,"A number of locations was visited by Posild during August 22 and 23, but as the report for most taxa does not account for the exact date or location of observation all of the observation have the same coordinate and date. ",
10,010,urn:010unsfwljqp,https://ror.org/0342y5q78,GINR,HumanObservation,presence,1909-08-22,1909,8,22,TDWG:GNL-OO,North_America,Qeqertarsuatsiaq,Greenland,GL,Qeqertarsuatsiaq (Hare island),70.45920108,-54.98272699,wgs84,Poa pratensis L.,Poa pratensis L.,Plantae,Tracheophyta,Liliopsida,Poales,Poaceae,Poa,pratensis,,SPECIES,"A number of locations was visited by Posild during August 22 and 23, but as the report for most taxa does not account for the exact date or location of observation all of the observation have the same coordinate and date. ",
45,045,urn:045u6p5zjvjh,https://ror.org/0342y5q78,GINR,HumanObservation,presence,1909-08-22,1909,8,22,TDWG:GNL-OO,North_America,Qeqertarsuatsiaq,Greenland,GL,Qeqertarsuatsiaq (Hare island),70.45920108,-54.98272699,wgs84,Polygonum viviparum L.,Polygonum viviparum L.,Plantae,Tracheophyta,Magnoliopsida,Caryophyllales,Polygonaceae,Bistorta,viviparum,,SPECIES,"A number of locations was visited by Posild during August 22 and 23, but as the report for most taxa does not account for the exact date or location of observation all of the observation have the same coordinate and date. ",
86,086,urn:086wvi1i0dij,https://ror.org/0342y5q78,GINR,HumanObservation,presence,1909-08-22,1909,8,22,TDWG:GNL-OO,North_America,Qeqertarsuatsiaq,Greenland,GL,Qeqertarsuatsiaq (Hare island),70.45920108,-54.98272699,wgs84,Potentilla alpestris Haller fil.,Potentilla alpestris Hall. fil.,Plantae,Tracheophyta,Magnoliopsida,Rosales,Rosaceae,Potentilla,alpestris,,SPECIES,"A number of locations was visited by Posild during August 22 and 23, but as the report for most taxa does not account for the exact date or location of observation all of the observation have the same coordinate and date. ",
87,087,urn:0878ex1zwxbe,https://ror.org/0342y5q78,GINR,HumanObservation,presence,1909-08-22,1909,8,22,TDWG:GNL-OO,North_America,Qeqertarsuatsiaq,Greenland,GL,Qeqertarsuatsiaq (Hare island),70.45920108,-54.98272699,wgs84,Potentilla emarginata Pursh,Potentilla emarginata Pursh.,Plantae,Tracheophyta,Magnoliopsida,Rosales,Rosaceae,Potentilla,emarginata,,SPECIES,"A number of locations was visited by Posild during August 22 and 23, but as the report for most taxa does not account for the exact date or location of observation all of the observation have the same coordinate and date. ",
89,089,urn:089hcwdpum22,https://ror.org/0342y5q78,GINR,HumanObservation,presence,1909-08-22,1909,8,22,TDWG:GNL-OO,North_America,Qeqertarsuatsiaq,Greenland,GL,Qeqertarsuatsiaq (Hare island),70.45920108,-54.98272699,wgs84,Potentilla L.,Potentilla Vahliana Lehm.,Plantae,Tracheophyta,Magnoliopsida,Rosales,Rosaceae,Potentilla,Vahliana,,SPECIES,"A number of locations was visited by Posild during August 22 and 23, but as the report for most taxa does not account for the exact date or location of observation all of the observation have the same coordinate and date. ",
90,090,urn:090omh5krgny,https://ror.org/0342y5q78,GINR,HumanObservation,presence,1909-08-22,1909,8,22,TDWG:GNL-OO,North_America,Qeqertarsuatsiaq,Greenland,GL,Qeqertarsuatsiaq (Hare island),70.45920108,-54.98272699,wgs84,Potentilla pulchella R.Br.,Potentilla pulchella R. Br.,Plantae,Tracheophyta,Magnoliopsida,Rosales,Rosaceae,Potentilla,pulchella,,SPECIES,"A number of locations was visited by Posild during August 22 and 23, but as the report for most taxa does not account for the exact date or location of observation all of the observation have the same coordinate and date. ",
93,093,urn:093klaub8yi4,https://ror.org/0342y5q78,GINR,HumanObservation,presence,1909-08-22,1909,8,22,TDWG:GNL-OO,North_America,Qeqertarsuatsiaq,Greenland,GL,Qeqertarsuatsiaq (Hare island),70.45920108,-54.98272699,wgs84,Pyrola grandiflora Radius,Pirola grandiflora Radius.,Plantae,Tracheophyta,Magnoliopsida,Ericales,Ericaceae,Pyrola,grandiflora,,SPECIES,"A number of locations was visited by Posild during August 22 and 23, but as the report for most taxa does not account for the exact date or location of observation all of the observation have the same coordinate and date. ",
62,062,urn:062suihtxj1i,https://ror.org/0342y5q78,GINR,HumanObservation,presence,1909-08-22,1909,8,22,TDWG:GNL-OO,North_America,Qeqertarsuatsiaq,Greenland,GL,Qeqertarsuatsiaq (Hare island),70.45920108,-54.98272699,wgs84,Ranunculus hyperboreus Rottb.,Ranunculus hyperboreus Rottb.,Plantae,Tracheophyta,Magnoliopsida,Ranunculales,Ranunculaceae,Ranunculus,hyperboreus,,SPECIES,"A number of locations was visited by Posild during August 22 and 23, but as the report for most taxa does not account for the exact date or location of observation all of the observation have the same coordinate and date. ",
61,061,urn:061ao0sz4unf,https://ror.org/0342y5q78,GINR,HumanObservation,presence,1909-08-22,1909,8,22,TDWG:GNL-OO,North_America,Qeqertarsuatsiaq,Greenland,GL,Qeqertarsuatsiaq (Hare island),70.45920108,-54.98272699,wgs84,Ranunculus lapponicus L.,Ranunculus lapponicus L.,Plantae,Tracheophyta,Magnoliopsida,Ranunculales,Ranunculaceae,Coptidium,lapponicus,,SPECIES,"A number of locations was visited by Posild during August 22 and 23, but as the report for most taxa does not account for the exact date or location of observation all of the observation have the same coordinate and date. ",
64,064,urn:064k1wh0ugu0,https://ror.org/0342y5q78,GINR,HumanObservation,presence,1909-08-22,1909,8,22,TDWG:GNL-OO,North_America,Qeqertarsuatsiaq,Greenland,GL,Qeqertarsuatsiaq (Hare island),70.45920108,-54.98272699,wgs84,Ranunculus nivalis L.,Ranunculus nivalis L.,Plantae,Tracheophyta,Magnoliopsida,Ranunculales,Ranunculaceae,Ranunculus,nivalis,,SPECIES,"A number of locations was visited by Posild during August 22 and 23, but as the report for most taxa does not account for the exact date or location of observation all of the observation have the same coordinate and date. ",
63,063,urn:063z3lvqph21,https://ror.org/0342y5q78,GINR,HumanObservation,presence,1909-08-22,1909,8,22,TDWG:GNL-OO,North_America,Qeqertarsuatsiaq,Greenland,GL,Qeqertarsuatsiaq (Hare island),70.45920108,-54.98272699,wgs84,Ranunculus pygmaeus Wahlenb.,Ranunculus pygmaeus Wahlenb.,Plantae,Tracheophyta,Magnoliopsida,Ranunculales,Ranunculaceae,Ranunculus,pygmaeus,,SPECIES,"A number of locations was visited by Posild during August 22 and 23, but as the report for most taxa does not account for the exact date or location of observation all of the observation have the same coordinate and date. ",
65,065,urn:065dyxvq2qxa,https://ror.org/0342y5q78,GINR,HumanObservation,presence,1909-08-22,1909,8,22,TDWG:GNL-OO,North_America,Qeqertarsuatsiaq,Greenland,GL,Qeqertarsuatsiaq (Hare island),70.45920108,-54.98272699,wgs84,Ranunculus sulphureus Sol.,Ranunculus sulphureus Sol.,Plantae,Tracheophyta,Magnoliopsida,Ranunculales,Ranunculaceae,Ranunculus,sulphureus,,SPECIES,"A number of locations was visited by Posild during August 22 and 23, but as the report for most taxa does not account for the exact date or location of observation all of the observation have the same coordinate and date. ",
95,095,urn:095b8gkhlplm,https://ror.org/0342y5q78,GINR,HumanObservation,presence,1909-08-22,1909,8,22,TDWG:GNL-OO,North_America,Qeqertarsuatsiaq,Greenland,GL,Qeqertarsuatsiaq (Hare island),70.45920108,-54.98272699,wgs84,Rhododendron lapponicum (L.) Wahlenb.,Rhododendron lapponicum (L.) Wahlenb.,Plantae,Tracheophyta,Magnoliopsida,Ericales,Ericaceae,Rhododendron,lapponicum,,SPECIES,"A number of locations was visited by Posild during August 22 and 23, but as the report for most taxa does not account for the exact date or location of observation all of the observation have the same coordinate and date. ",
48,048,urn:048suzitdwmf,https://ror.org/0342y5q78,GINR,HumanObservation,presence,1909-08-22,1909,8,22,TDWG:GNL-OO,North_America,Qeqertarsuatsiaq,Greenland,GL,Qeqertarsuatsiaq (Hare island),70.45920108,-54.98272699,wgs84,Sagina caespitosa (J.Vahl) Lange,Sagina caespitosa (J. Vahl) Lange.,Plantae,Tracheophyta,Magnoliopsida,Caryophyllales,Caryophyllaceae,Sagina,caespitosa,,SPECIES,"A number of locations was visited by Posild during August 22 and 23, but as the report for most taxa does not account for the exact date or location of observation all of the observation have the same coordinate and date. ",
47,047,urn:047a3hhvj3x4,https://ror.org/0342y5q78,GINR,HumanObservation,presence,1909-08-22,1909,8,22,TDWG:GNL-OO,North_America,Qeqertarsuatsiaq,Greenland,GL,Qeqertarsuatsiaq (Hare island),70.45920108,-54.98272699,wgs84,Sagina intermedia Fenzl,Sagina intermedia Fenzl.,Plantae,Tracheophyta,Magnoliopsida,Caryophyllales,Caryophyllaceae,Sagina,intermedia,,SPECIES,"A number of locations was visited by Posild during August 22 and 23, but as the report for most taxa does not account for the exact date or location of observation all of the observation have the same coordinate and date. ",
42,042,urn:042xazpcw8pk,https://ror.org/0342y5q78,GINR,HumanObservation,presence,1909-08-22,1909,8,22,TDWG:GNL-OO,North_America,Qeqertarsuatsiaq,Greenland,GL,Qeqertarsuatsiaq (Hare island),70.45920108,-54.98272699,wgs84,Salix glauca L.,Salix glauca L.,Plantae,Tracheophyta,Magnoliopsida,Malpighiales,Salicaceae,Salix,glauca,,SPECIES,"A number of locations was visited by Posild during August 22 and 23, but as the report for most taxa does not account for the exact date or location of observation all of the observation have the same coordinate and date. ",
43,043,urn:043fpj1dui3y,https://ror.org/0342y5q78,GINR,HumanObservation,presence,1909-08-22,1909,8,22,TDWG:GNL-OO,North_America,Qeqertarsuatsiaq,Greenland,GL,Qeqertarsuatsiaq (Hare island),70.45920108,-54.98272699,wgs84,Salix herbacea L.,Salix herbacea L.,Plantae,Tracheophyta,Magnoliopsida,Malpighiales,Salicaceae,Salix,herbacea,,SPECIES,"A number of locations was visited by Posild during August 22 and 23, but as the report for most taxa does not account for the exact date or location of observation all of the observation have the same coordinate and date. ",
79,079,urn:0794apb0eymh,https://ror.org/0342y5q78,GINR,HumanObservation,presence,1909-08-22,1909,8,22,TDWG:GNL-OO,North_America,Qeqertarsuatsiaq,Greenland,GL,Qeqertarsuatsiaq (Hare island),70.45920108,-54.98272699,wgs84,Saxifraga cernua L.,Saxifraga cernua L.,Plantae,Tracheophyta,Magnoliopsida,Saxifragales,Saxifragaceae,Saxifraga,cernua,,SPECIES,"A number of locations was visited by Posild during August 22 and 23, but as the report for most taxa does not account for the exact date or location of observation all of the observation have the same coordinate and date. ",
81,081,urn:081oohqnktzz,https://ror.org/0342y5q78,GINR,HumanObservation,presence,1909-08-22,1909,8,22,TDWG:GNL-OO,North_America,Qeqertarsuatsiaq,Greenland,GL,Qeqertarsuatsiaq (Hare island),70.45920108,-54.98272699,wgs84,Saxifraga groenlandica L.,Saxifraga groenlandica L.,Plantae,Tracheophyta,Magnoliopsida,Saxifragales,Saxifragaceae,Saxifraga,groenlandica,,SPECIES,"A number of locations was visited by Posild during August 22 and 23, but as the report for most taxa does not account for the exact date or location of observation all of the observation have the same coordinate and date. ",
77,077,urn:077dzskl1nlb,https://ror.org/0342y5q78,GINR,HumanObservation,presence,1909-08-22,1909,8,22,TDWG:GNL-OO,North_America,Qeqertarsuatsiaq,Greenland,GL,Qeqertarsuatsiaq (Hare island),70.45920108,-54.98272699,wgs84,Saxifraga nivalis L.,Saxifraga nivalis L.,Plantae,Tracheophyta,Magnoliopsida,Saxifragales,Saxifragaceae,Micranthes,nivalis,,SPECIES,"A number of locations was visited by Posild during August 22 and 23, but as the report for most taxa does not account for the exact date or location of observation all of the observation have the same coordinate and date. ",
83,083,urn:083prblbqr8h,https://ror.org/0342y5q78,GINR,HumanObservation,presence,1909-08-22,1909,8,22,TDWG:GNL-OO,North_America,Qeqertarsuatsiaq,Greenland,GL,Qeqertarsuatsiaq (Hare island),70.45920108,-54.98272699,wgs84,Saxifraga oppositifolia L.,Saxifraga oppositifolia L.,Plantae,Tracheophyta,Magnoliopsida,Saxifragales,Saxifragaceae,Saxifraga,oppositifolia,,SPECIES,"A number of locations was visited by Posild during August 22 and 23, but as the report for most taxa does not account for the exact date or location of observation all of the observation have the same coordinate and date. ",
80,080,urn:080mxcgxqvq7,https://ror.org/0342y5q78,GINR,HumanObservation,presence,1909-08-22,1909,8,22,TDWG:GNL-OO,North_America,Qeqertarsuatsiaq,Greenland,GL,Qeqertarsuatsiaq (Hare island),70.45920108,-54.98272699,wgs84,Saxifraga rivularis L.,Saxifraga rivularis L.,Plantae,Tracheophyta,Magnoliopsida,Saxifragales,Saxifragaceae,Saxifraga,rivularis,,SPECIES,"A number of locations was visited by Posild during August 22 and 23, but as the report for most taxa does not account for the exact date or location of observation all of the observation have the same coordinate and date. ",
82,082,urn:082yvgilwbrn,https://ror.org/0342y5q78,GINR,HumanObservation,presence,1909-08-22,1909,8,22,TDWG:GNL-OO,North_America,Qeqertarsuatsiaq,Greenland,GL,Qeqertarsuatsiaq (Hare island),70.45920108,-54.98272699,wgs84,Saxifraga tricuspidata Rottb.,Saxifraga tricuspidata Rottb.,Plantae,Tracheophyta,Magnoliopsida,Saxifragales,Saxifragaceae,Saxifraga,tricuspidata,,SPECIES,"A number of locations was visited by Posild during August 22 and 23, but as the report for most taxa does not account for the exact date or location of observation all of the observation have the same coordinate and date. ",
85,085,urn:085pwvddjkrx,https://ror.org/0342y5q78,GINR,HumanObservation,presence,1909-08-22,1909,8,22,TDWG:GNL-OO,North_America,Qeqertarsuatsiaq,Greenland,GL,Qeqertarsuatsiaq (Hare island),70.45920108,-54.98272699,wgs84,Sibbaldia procumbens L.,Sibbaldia procumbens L.,Plantae,Tracheophyta,Magnoliopsida,Rosales,Rosaceae,Sibbaldia,procumbens,,SPECIES,"A number of locations was visited by Posild during August 22 and 23, but as the report for most taxa does not account for the exact date or location of observation all of the observation have the same coordinate and date. ",
57,057,urn:057ff1l3u39x,https://ror.org/0342y5q78,GINR,HumanObservation,presence,1909-08-22,1909,8,22,TDWG:GNL-OO,North_America,Qeqertarsuatsiaq,Greenland,GL,Qeqertarsuatsiaq (Hare island),70.45920108,-54.98272699,wgs84,"Silene acaulis (L.) L., 1762",Silene acaulis L.,Plantae,Tracheophyta,Magnoliopsida,Caryophyllales,Caryophyllaceae,Silene,acaulis,,SPECIES,"A number of locations was visited by Posild during August 22 and 23, but as the report for most taxa does not account for the exact date or location of observation all of the observation have the same coordinate and date. ",
53,053,urn:053m36n3apvq,https://ror.org/0342y5q78,GINR,HumanObservation,presence,1909-08-22,1909,8,22,TDWG:GNL-OO,North_America,Qeqertarsuatsiaq,Greenland,GL,Qeqertarsuatsiaq (Hare island),70.45920108,-54.98272699,wgs84,Stellaria humifusa Rottb.,Stellaria humifusa Rottb.,Plantae,Tracheophyta,Magnoliopsida,Caryophyllales,Caryophyllaceae,Stellaria,humifusa,,SPECIES,"A number of locations was visited by Posild during August 22 and 23, but as the report for most taxa does not account for the exact date or location of observation all of the observation have the same coordinate and date. ",
54,054,urn:054zkkdhgukd,https://ror.org/0342y5q78,GINR,HumanObservation,presence,1909-08-22,1909,8,22,TDWG:GNL-OO,North_America,Qeqertarsuatsiaq,Greenland,GL,Qeqertarsuatsiaq (Hare island),70.45920108,-54.98272699,wgs84,Stellaria longipes Goldie,Stellaria longipes Goldie.,Plantae,Tracheophyta,Magnoliopsida,Caryophyllales,Caryophyllaceae,Stellaria,longipes,,SPECIES,"A number of locations was visited by Posild during August 22 and 23, but as the report for most taxa does not account for the exact date or location of observation all of the observation have the same coordinate and date. ",
112,112,urn:112cgrddih0j,https://ror.org/0342y5q78,GINR,HumanObservation,presence,1909-08-22,1909,8,22,TDWG:GNL-OO,North_America,Qeqertarsuatsiaq,Greenland,GL,Qeqertarsuatsiaq (Hare island),70.45920108,-54.98272699,wgs84,Taraxacum croceum Dahlst.,Taraxacum croceum Dahlst. coll.,Plantae,Tracheophyta,Magnoliopsida,Asterales,Asteraceae,Taraxacum,croceum,,SPECIES,"A number of locations was visited by Posild during August 22 and 23, but as the report for most taxa does not account for the exact date or location of observation all of the observation have the same coordinate and date. ",
66,066,urn:066xitfujot5,https://ror.org/0342y5q78,GINR,HumanObservation,presence,1909-08-22,1909,8,22,TDWG:GNL-OO,North_America,Qeqertarsuatsiaq,Greenland,GL,Qeqertarsuatsiaq (Hare island),70.45920108,-54.98272699,wgs84,Thalictrum alpinum L.,Thalictrum alpinum L.,Plantae,Tracheophyta,Magnoliopsida,Ranunculales,Ranunculaceae,Thalictrum,alpinum,,SPECIES,"A number of locations was visited by Posild during August 22 and 23, but as the report for most taxa does not account for the exact date or location of observation all of the observation have the same coordinate and date. ",
40,040,urn:040emk6zrkje,https://ror.org/0342y5q78,GINR,HumanObservation,presence,1909-08-22,1909,8,22,TDWG:GNL-OO,North_America,Qeqertarsuatsiaq,Greenland,GL,Qeqertarsuatsiaq (Hare island),70.45920108,-54.98272699,wgs84,Tofieldia palustris Huds.,Tofieldia palustris Huds.,Plantae,Tracheophyta,Liliopsida,Alismatales,Tofieldiaceae,Tofieldia,palustris,,SPECIES,"A number of locations was visited by Posild during August 22 and 23, but as the report for most taxa does not account for the exact date or location of observation all of the observation have the same coordinate and date. ",
8,008,urn:0086mcjcyifi,https://ror.org/0342y5q78,GINR,HumanObservation,presence,1909-08-22,1909,8,22,TDWG:GNL-OO,North_America,Qeqertarsuatsiaq,Greenland,GL,Qeqertarsuatsiaq (Hare island),70.45920108,-54.98272699,wgs84,Trisetum spicatum (L.) K.Richt.,Trisetum spicatum (L.) RICHTER.,Plantae,Tracheophyta,Liliopsida,Poales,Poaceae,Koeleria,spicatum,,SPECIES,"A number of locations was visited by Posild during August 22 and 23, but as the report for most taxa does not account for the exact date or location of observation all of the observation have the same coordinate and date. ",
103,103,urn:1031spijlh0j,https://ror.org/0342y5q78,GINR,HumanObservation,presence,1909-08-22,1909,8,22,TDWG:GNL-OO,North_America,Qeqertarsuatsiaq,Greenland,GL,Qeqertarsuatsiaq (Hare island),70.45920108,-54.98272699,wgs84,Veronica alpina L.,Veronica alpina L.,Plantae,Tracheophyta,Magnoliopsida,Lamiales,Plantaginaceae,Veronica,alpina,,SPECIES,"A number of locations was visited by Posild during August 22 and 23, but as the report for most taxa does not account for the exact date or location of observation all of the observation have the same coordinate and date. ",